rank,file,t_sec,score,U,A,D,n_boxes,n_ambiguous,empty,selected
1,frame_0074.jpg,29.6,0.6151,0.3502,0.8,1.0,7,4,False,True
2,frame_0198.jpg,79.2,0.588,0.0,0.0,0.44,0,0,True,True
3,frame_0291.jpg,116.4,0.5676,0.4393,0.6,0.84,5,3,False,True
4,frame_0387.jpg,154.8,0.5489,0.4178,1.0,0.2,10,5,False,True
5,frame_0072.jpg,28.8,0.547,0.334,0.6,1.0,6,3,False,False
6,frame_0073.jpg,29.2,0.5439,0.3278,0.6,1.0,7,3,False,False
7,frame_0287.jpg,114.8,0.541,0.4499,0.6,0.68,4,3,False,False
8,frame_0069.jpg,27.6,0.5408,0.3216,0.6,1.0,5,3,False,True
9,frame_0007.jpg,2.8,0.5399,0.3198,0.6,1.0,3,3,False,True
10,frame_0000.jpg,0.0,0.5355,0.311,0.6,1.0,5,3,False,True
11,frame_0077.jpg,30.8,0.5208,0.3295,0.6,0.88,4,3,False,False
12,frame_0173.jpg,69.2,0.5169,0.4099,0.8,0.36,6,4,False,True
13,frame_0075.jpg,30.0,0.5095,0.275,0.6,0.96,5,3,False,False
14,frame_0079.jpg,31.6,0.5088,0.3375,0.6,0.8,5,3,False,True
15,frame_0375.jpg,150.0,0.4996,0.4391,0.8,0.2,7,4,False,True
16,frame_0125.jpg,50.0,0.498,0.348,0.6,0.72,4,3,False,True
17,frame_0122.jpg,48.8,0.4934,0.3868,0.6,0.6,3,3,False,False
18,frame_0208.jpg,83.2,0.4836,0.5432,0.2,0.76,1,1,False,True
19,frame_0296.jpg,118.4,0.4795,0.343,0.6,0.64,5,3,False,False
20,frame_0001.jpg,0.4,0.4721,0.3042,0.4,1.0,6,2,False,False
21,frame_0384.jpg,153.6,0.4693,0.3946,0.8,0.16,7,4,False,False
22,frame_0289.jpg,115.6,0.4657,0.3873,0.4,0.76,3,2,False,False
23,frame_0070.jpg,28.0,0.4548,0.2695,0.4,1.0,5,2,False,False
24,frame_0397.jpg,158.8,0.4548,0.3496,0.8,0.2,7,4,False,False
25,frame_0280.jpg,112.0,0.4538,0.3875,0.6,0.4,5,3,False,False
26,frame_0067.jpg,26.8,0.4491,0.2582,0.4,1.0,5,2,False,False
27,frame_0029.jpg,11.6,0.4456,0.2512,0.4,1.0,4,2,False,False
28,frame_0002.jpg,0.8,0.4436,0.2473,0.4,1.0,5,2,False,False
29,frame_0076.jpg,30.4,0.4421,0.2761,0.4,0.92,5,2,False,False
30,frame_0130.jpg,52.0,0.442,0.396,0.2,0.92,3,1,False,False
31,frame_0281.jpg,112.4,0.4416,0.4671,0.4,0.44,3,2,False,False
32,frame_0128.jpg,51.2,0.4364,0.2967,0.4,0.84,4,2,False,False
33,frame_0023.jpg,9.2,0.4306,0.3412,0.2,1.0,1,1,False,False
34,frame_0284.jpg,113.6,0.4251,0.3862,0.4,0.56,5,2,False,False
35,frame_0288.jpg,115.2,0.4238,0.3196,0.4,0.72,4,2,False,False
36,frame_0087.jpg,34.8,0.4214,0.4109,0.4,0.48,3,2,False,False
37,frame_0391.jpg,156.4,0.4182,0.3404,0.8,0.04,7,4,False,False
38,frame_0290.jpg,116.0,0.4181,0.2762,0.4,0.8,4,2,False,False
39,frame_0294.jpg,117.6,0.416,0.3039,0.4,0.72,5,2,False,False
40,frame_0277.jpg,110.8,0.4159,0.3599,0.6,0.28,6,3,False,False
41,frame_0121.jpg,48.4,0.4125,0.3611,0.4,0.56,3,2,False,False
42,frame_0168.jpg,67.2,0.4103,0.3566,0.4,0.56,4,2,False,False
43,frame_0008.jpg,3.2,0.4093,0.2985,0.2,1.0,3,1,False,False
44,frame_0033.jpg,13.2,0.4092,0.2984,0.2,1.0,3,1,False,False
45,frame_0020.jpg,8.0,0.3982,0.2763,0.2,1.0,3,1,False,False
46,frame_0124.jpg,49.6,0.3947,0.2773,0.4,0.68,5,2,False,False
47,frame_0014.jpg,5.6,0.3941,0.2681,0.2,1.0,4,1,False,False
48,frame_0276.jpg,110.4,0.3906,0.3252,0.6,0.24,6,3,False,False
49,frame_0004.jpg,1.6,0.3905,0.261,0.2,1.0,4,1,False,False
50,frame_0306.jpg,122.4,0.3903,0.3246,0.6,0.24,4,3,False,False
51,frame_0082.jpg,32.8,0.3901,0.3882,0.2,0.68,1,1,False,False
52,frame_0017.jpg,6.8,0.3889,0.2577,0.2,1.0,3,1,False,False
53,frame_0398.jpg,159.2,0.3872,0.3185,0.6,0.24,5,3,False,False
54,frame_0088.jpg,35.2,0.3865,0.3569,0.4,0.44,4,2,False,False
55,frame_0071.jpg,28.4,0.3839,0.2478,0.2,1.0,6,1,False,False
56,frame_0330.jpg,132.0,0.3829,0.3897,0.6,0.04,6,3,False,False
57,frame_0303.jpg,121.2,0.3827,0.2615,0.6,0.36,5,3,False,False
58,frame_0328.jpg,131.2,0.3827,0.3734,0.6,0.08,9,3,False,False
59,frame_0011.jpg,4.4,0.3822,0.2444,0.2,1.0,3,1,False,False
60,frame_0231.jpg,92.4,0.3822,0.3405,0.6,0.16,7,3,False,False
61,frame_0216.jpg,86.4,0.3821,0.4682,0.2,0.44,2,1,False,False
62,frame_0015.jpg,6.0,0.3811,0.2423,0.2,1.0,4,1,False,False
63,frame_0006.jpg,2.4,0.3801,0.2403,0.2,1.0,3,1,False,False
64,frame_0120.jpg,48.0,0.3789,0.3097,0.4,0.52,3,2,False,False
65,frame_0374.jpg,149.6,0.3763,0.3126,0.6,0.2,6,3,False,False
66,frame_0176.jpg,70.4,0.3752,0.2944,0.6,0.24,6,3,False,False
67,frame_0167.jpg,66.8,0.3745,0.269,0.4,0.6,4,2,False,False
68,frame_0031.jpg,12.4,0.3727,0.2254,0.2,1.0,4,1,False,False
69,frame_0282.jpg,112.8,0.3717,0.3113,0.4,0.48,5,2,False,False
70,frame_0376.jpg,150.4,0.3716,0.3192,0.6,0.16,6,3,False,False
71,frame_0096.jpg,38.4,0.3711,0.3343,0.6,0.12,5,3,False,False
72,frame_0190.jpg,76.0,0.3672,0.5663,0.2,0.12,2,1,False,False
73,frame_0032.jpg,12.8,0.3656,0.2112,0.2,1.0,4,1,False,False
74,frame_0126.jpg,50.4,0.3639,0.3038,0.2,0.76,5,1,False,False
75,frame_0300.jpg,120.0,0.3638,0.2956,0.4,0.48,4,2,False,False
76,frame_0224.jpg,89.6,0.3632,0.4383,0.4,0.12,3,2,False,False
77,frame_0030.jpg,12.0,0.3619,0.2038,0.2,1.0,6,1,False,False
78,frame_0129.jpg,51.6,0.3619,0.2518,0.2,0.88,5,1,False,False
79,frame_0010.jpg,4.0,0.3608,0.2015,0.2,1.0,3,1,False,False
80,frame_0131.jpg,52.4,0.3579,0.2119,0.2,0.96,4,1,False,False
81,frame_0169.jpg,67.6,0.3557,0.2634,0.4,0.52,5,2,False,False
82,frame_0210.jpg,84.0,0.3554,0.3188,0.2,0.68,2,1,False,False
83,frame_0119.jpg,47.6,0.3518,0.2717,0.4,0.48,3,2,False,False
84,frame_0283.jpg,113.2,0.3516,0.2552,0.4,0.52,5,2,False,False
85,frame_0091.jpg,36.4,0.3514,0.4548,0.2,0.32,1,1,False,False
86,frame_0332.jpg,132.8,0.3484,0.3208,0.6,0.04,6,3,False,False
87,frame_0292.jpg,116.8,0.3438,0.2475,0.2,0.8,5,1,False,False
88,frame_0269.jpg,107.6,0.341,0.306,0.6,0.04,5,3,False,False
89,frame_0379.jpg,151.6,0.3382,0.3003,0.6,0.04,6,3,False,False
90,frame_0295.jpg,118.0,0.338,0.284,0.2,0.68,5,1,False,False
91,frame_0081.jpg,32.4,0.337,0.2661,0.2,0.72,3,1,False,False
92,frame_0293.jpg,117.2,0.3369,0.2497,0.2,0.76,4,1,False,False
93,frame_0233.jpg,93.2,0.3367,0.3374,0.4,0.24,4,2,False,False
94,frame_0115.jpg,46.0,0.3349,0.3018,0.4,0.32,5,2,False,False
95,frame_0127.jpg,50.8,0.3298,0.2195,0.2,0.8,6,1,False,False
96,frame_0078.jpg,31.2,0.3256,0.1952,0.2,0.84,5,1,False,False
97,frame_0123.jpg,49.2,0.3225,0.2689,0.2,0.64,4,1,False,False
98,frame_0186.jpg,74.4,0.3214,0.3868,0.4,0.04,8,2,False,False
99,frame_0005.jpg,2.0,0.316,0.2319,0.0,1.0,4,0,False,False
100,frame_0399.jpg,159.6,0.316,0.28,0.4,0.28,5,2,False,False
101,frame_0286.jpg,114.4,0.3154,0.2547,0.2,0.64,5,1,False,False
102,frame_0285.jpg,114.0,0.3135,0.2669,0.2,0.6,4,1,False,False
103,frame_0297.jpg,118.8,0.3133,0.2666,0.2,0.6,6,1,False,False
104,frame_0184.jpg,73.6,0.3099,0.3478,0.4,0.08,4,2,False,False
105,frame_0179.jpg,71.6,0.3088,0.3295,0.4,0.12,4,2,False,False
106,frame_0019.jpg,7.6,0.3084,0.2168,0.0,1.0,1,0,False,False
107,frame_0386.jpg,154.4,0.3079,0.2797,0.4,0.24,7,2,False,False
108,frame_0084.jpg,33.6,0.3063,0.2525,0.2,0.6,2,1,False,False
109,frame_0373.jpg,149.2,0.3054,0.3069,0.4,0.16,4,2,False,False
110,frame_0178.jpg,71.2,0.3053,0.3066,0.4,0.16,3,2,False,False
111,frame_0275.jpg,110.0,0.3051,0.2901,0.4,0.2,5,2,False,False
112,frame_0377.jpg,150.8,0.3028,0.3175,0.4,0.12,7,2,False,False
113,frame_0003.jpg,1.2,0.3016,0.2032,0.0,1.0,5,0,False,False
114,frame_0385.jpg,154.0,0.3006,0.2812,0.4,0.2,6,2,False,False
115,frame_0396.jpg,158.4,0.3006,0.2972,0.4,0.16,5,2,False,False
116,frame_0117.jpg,46.8,0.3004,0.3208,0.2,0.4,3,1,False,False
117,frame_0026.jpg,10.4,0.2994,0.1987,0.0,1.0,3,0,False,False
118,frame_0009.jpg,3.6,0.2989,0.1978,0.0,1.0,2,0,False,False
119,frame_0189.jpg,75.6,0.2961,0.3201,0.4,0.08,3,2,False,False
120,frame_0016.jpg,6.4,0.294,0.188,0.0,1.0,3,0,False,False
121,frame_0013.jpg,5.2,0.2935,0.1871,0.0,1.0,4,0,False,False
122,frame_0299.jpg,119.6,0.2933,0.2587,0.2,0.52,6,1,False,False
123,frame_0100.jpg,40.0,0.2928,0.3295,0.4,0.04,3,2,False,False
124,frame_0024.jpg,9.6,0.2924,0.1848,0.0,1.0,2,0,False,False
125,frame_0106.jpg,42.4,0.2924,0.3289,0.4,0.04,6,2,False,False
126,frame_0383.jpg,153.2,0.292,0.2959,0.4,0.12,7,2,False,False
127,frame_0382.jpg,152.8,0.2917,0.3114,0.4,0.08,6,2,False,False
128,frame_0133.jpg,53.2,0.2915,0.183,0.0,1.0,4,0,False,False
129,frame_0112.jpg,44.8,0.2912,0.2623,0.4,0.2,5,2,False,False
130,frame_0327.jpg,130.8,0.2908,0.3256,0.4,0.04,7,2,False,False
131,frame_0018.jpg,7.2,0.2897,0.1794,0.0,1.0,4,0,False,False
132,frame_0298.jpg,119.2,0.2891,0.2342,0.2,0.56,6,1,False,False
133,frame_0214.jpg,85.6,0.289,0.2499,0.2,0.52,2,1,False,False
134,frame_0068.jpg,27.2,0.2867,0.1733,0.0,1.0,5,0,False,False
135,frame_0132.jpg,52.8,0.2863,0.1727,0.0,1.0,4,0,False,False
136,frame_0183.jpg,73.2,0.2861,0.3162,0.4,0.04,4,2,False,False
137,frame_0027.jpg,10.8,0.2829,0.1658,0.0,1.0,2,0,False,False
138,frame_0202.jpg,80.8,0.2811,0.2021,0.2,0.6,3,1,False,False
139,frame_0313.jpg,125.2,0.2804,0.4248,0.2,0.04,1,1,False,False
140,frame_0028.jpg,11.2,0.2779,0.1557,0.0,1.0,4,0,False,False
141,frame_0172.jpg,68.8,0.2768,0.2735,0.2,0.4,3,1,False,False
142,frame_0315.jpg,126.0,0.2751,0.2622,0.4,0.12,5,2,False,False
143,frame_0370.jpg,148.0,0.2747,0.2934,0.4,0.04,5,2,False,False
144,frame_0367.jpg,146.8,0.2743,0.2766,0.4,0.08,7,2,False,False
145,frame_0086.jpg,34.4,0.2741,0.2202,0.2,0.52,4,1,False,False
146,frame_0022.jpg,8.8,0.2732,0.1465,0.0,1.0,3,0,False,False
147,frame_0185.jpg,74.0,0.2707,0.2694,0.4,0.08,4,2,False,False
148,frame_0108.jpg,43.2,0.2704,0.2848,0.4,0.04,4,2,False,False
149,frame_0394.jpg,157.6,0.2702,0.2684,0.4,0.08,5,2,False,False
150,frame_0025.jpg,10.0,0.2698,0.1396,0.0,1.0,3,0,False,False
151,frame_0230.jpg,92.0,0.268,0.2479,0.4,0.12,6,2,False,False
152,frame_0329.jpg,131.6,0.2643,0.2566,0.4,0.08,7,2,False,False
153,frame_0105.jpg,42.0,0.2641,0.2561,0.4,0.08,6,2,False,False
154,frame_0368.jpg,147.2,0.2628,0.2696,0.4,0.04,8,2,False,False
155,frame_0279.jpg,111.6,0.2625,0.261,0.2,0.36,6,1,False,False
156,frame_0101.jpg,40.4,0.2624,0.2528,0.4,0.08,5,2,False,False
157,frame_0021.jpg,8.4,0.2595,0.1189,0.0,1.0,4,0,False,False
158,frame_0307.jpg,122.8,0.2585,0.3169,0.2,0.2,3,1,False,False
159,frame_0207.jpg,82.8,0.2579,0.1958,0.0,0.8,2,0,False,False
160,frame_0371.jpg,148.4,0.2575,0.2429,0.4,0.08,5,2,False,False
161,frame_0085.jpg,34.0,0.2538,0.1635,0.2,0.56,4,1,False,False
162,frame_0218.jpg,87.2,0.2521,0.2402,0.2,0.36,3,1,False,False
163,frame_0271.jpg,108.4,0.2516,0.2473,0.4,0.04,3,2,False,False
164,frame_0171.jpg,68.4,0.2514,0.2068,0.2,0.44,5,1,False,False
165,frame_0304.jpg,121.6,0.2507,0.2533,0.2,0.32,4,1,False,False
166,frame_0012.jpg,4.8,0.2502,0.1004,0.0,1.0,1,0,False,False
167,frame_0211.jpg,84.4,0.2485,0.241,0.0,0.64,1,0,False,False
168,frame_0206.jpg,82.4,0.2466,0.1891,0.0,0.76,3,0,False,False
169,frame_0089.jpg,35.6,0.2465,0.213,0.2,0.4,6,1,False,False
170,frame_0083.jpg,33.2,0.2451,0.2342,0.0,0.64,2,0,False,False
171,frame_0116.jpg,46.4,0.2428,0.2215,0.2,0.36,6,1,False,False
172,frame_0114.jpg,45.6,0.2409,0.2499,0.2,0.28,6,1,False,False
173,frame_0209.jpg,83.6,0.2379,0.1877,0.0,0.72,3,0,False,False
174,frame_0320.jpg,128.0,0.2352,0.2544,0.2,0.24,5,1,False,False
175,frame_0221.jpg,88.4,0.2348,0.2536,0.2,0.24,3,1,False,False
176,frame_0080.jpg,32.0,0.2346,0.1651,0.0,0.76,6,0,False,False
177,frame_0175.jpg,70.0,0.2326,0.2332,0.2,0.28,5,1,False,False
178,frame_0388.jpg,155.2,0.2314,0.2788,0.2,0.16,8,1,False,False
179,frame_0318.jpg,127.2,0.2296,0.2433,0.2,0.24,6,1,False,False
180,frame_0272.jpg,108.8,0.227,0.302,0.2,0.08,3,1,False,False
181,frame_0174.jpg,69.6,0.2266,0.2052,0.2,0.32,5,1,False,False
182,frame_0317.jpg,126.8,0.2213,0.2425,0.2,0.2,4,1,False,False
183,frame_0205.jpg,82.0,0.2208,0.1537,0.0,0.72,2,0,False,False
184,frame_0193.jpg,77.2,0.2188,0.2217,0.2,0.24,3,1,False,False
185,frame_0308.jpg,123.2,0.217,0.2499,0.2,0.16,4,1,False,False
186,frame_0232.jpg,92.8,0.2165,0.2331,0.2,0.2,5,1,False,False
187,frame_0390.jpg,156.0,0.2121,0.2721,0.2,0.08,7,1,False,False
188,frame_0229.jpg,91.6,0.2108,0.2697,0.2,0.08,7,1,False,False
189,frame_0223.jpg,89.2,0.2079,0.2317,0.2,0.16,4,1,False,False
190,frame_0389.jpg,155.6,0.2069,0.2458,0.2,0.12,6,1,False,False
191,frame_0301.jpg,120.4,0.2039,0.2318,0.0,0.44,4,0,False,False
192,frame_0212.jpg,84.8,0.2017,0.1634,0.0,0.6,1,0,False,False
193,frame_0203.jpg,81.2,0.2005,0.145,0.0,0.64,3,0,False,False
194,frame_0316.jpg,126.4,0.2,0.216,0.2,0.16,5,1,False,False
195,frame_0170.jpg,68.0,0.1997,0.2075,0.0,0.48,5,0,False,False
196,frame_0204.jpg,81.6,0.1963,0.1205,0.0,0.68,2,0,False,False
197,frame_0095.jpg,38.0,0.1962,0.2083,0.2,0.16,6,1,False,False
198,frame_0098.jpg,39.2,0.1957,0.2553,0.2,0.04,4,1,False,False
199,frame_0201.jpg,80.4,0.1951,0.1661,0.0,0.56,3,0,False,False
200,frame_0188.jpg,75.2,0.1939,0.2518,0.2,0.04,5,1,False,False
201,frame_0200.jpg,80.0,0.1939,0.1798,0.0,0.52,1,0,False,False
202,frame_0226.jpg,90.4,0.1934,0.2508,0.2,0.04,2,1,False,False
203,frame_0378.jpg,151.2,0.1869,0.2218,0.2,0.08,6,1,False,False
204,frame_0333.jpg,133.2,0.1851,0.2182,0.2,0.08,5,1,False,False
205,frame_0118.jpg,47.2,0.183,0.1899,0.0,0.44,2,0,False,False
206,frame_0090.jpg,36.0,0.1826,0.2213,0.0,0.36,4,0,False,False
207,frame_0097.jpg,38.8,0.1802,0.2084,0.2,0.08,4,1,False,False
208,frame_0309.jpg,123.6,0.179,0.19,0.2,0.12,5,1,False,False
209,frame_0278.jpg,111.2,0.1784,0.2288,0.0,0.32,8,0,False,False
210,frame_0372.jpg,148.8,0.1779,0.1878,0.2,0.12,6,1,False,False
211,frame_0213.jpg,85.2,0.1778,0.1315,0.0,0.56,2,0,False,False
212,frame_0228.jpg,91.2,0.1774,0.2187,0.2,0.04,3,1,False,False
213,frame_0267.jpg,106.8,0.1754,0.1828,0.2,0.12,5,1,False,False
214,frame_0268.jpg,107.2,0.1752,0.1983,0.2,0.08,5,1,False,False
215,frame_0393.jpg,157.2,0.174,0.212,0.2,0.04,4,1,False,False
216,frame_0215.jpg,86.0,0.1721,0.1521,0.0,0.48,2,0,False,False
217,frame_0311.jpg,124.4,0.1705,0.205,0.2,0.04,3,1,False,False
218,frame_0305.jpg,122.0,0.1688,0.2256,0.0,0.28,4,0,False,False
219,frame_0302.jpg,120.8,0.1682,0.1763,0.0,0.4,4,0,False,False
220,frame_0194.jpg,77.6,0.168,0.224,0.0,0.28,2,0,False,False
221,frame_0325.jpg,130.0,0.1646,0.1932,0.2,0.04,3,1,False,False
222,frame_0199.jpg,79.6,0.1584,0.1248,0.0,0.48,1,0,False,False
223,frame_0092.jpg,36.8,0.157,0.2019,0.0,0.28,2,0,False,False
224,frame_0319.jpg,127.6,0.1535,0.1949,0.0,0.28,6,0,False,False
225,frame_0219.jpg,87.6,0.1501,0.1721,0.0,0.32,3,0,False,False
226,frame_0381.jpg,152.4,0.1501,0.1641,0.2,0.04,5,1,False,False
227,frame_0113.jpg,45.2,0.1478,0.1996,0.0,0.24,6,0,False,False
228,frame_0094.jpg,37.6,0.1476,0.2152,0.0,0.2,3,0,False,False
229,frame_0274.jpg,109.6,0.1468,0.2296,0.0,0.16,5,0,False,False
230,frame_0111.jpg,44.4,0.1466,0.2292,0.0,0.16,2,0,False,False
231,frame_0217.jpg,86.8,0.1462,0.1324,0.0,0.4,1,0,False,False
232,frame_0220.jpg,88.0,0.1447,0.1774,0.0,0.28,3,0,False,False
233,frame_0222.jpg,88.8,0.1431,0.2063,0.0,0.2,4,0,False,False
234,frame_0093.jpg,37.2,0.1421,0.1881,0.0,0.24,3,0,False,False
235,frame_0197.jpg,78.8,0.1404,0.1208,0.0,0.4,1,0,False,False
236,frame_0195.jpg,78.0,0.1386,0.1491,0.0,0.32,2,0,False,False
237,frame_0322.jpg,128.8,0.1377,0.2115,0.0,0.16,4,0,False,False
238,frame_0196.jpg,78.4,0.1368,0.1296,0.0,0.36,2,0,False,False
239,frame_0177.jpg,70.8,0.1356,0.1912,0.0,0.2,4,0,False,False
240,frame_0180.jpg,72.0,0.1276,0.2233,0.0,0.08,2,0,False,False
241,frame_0181.jpg,72.4,0.1261,0.2362,0.0,0.04,4,0,False,False
242,frame_0225.jpg,90.0,0.1236,0.2151,0.0,0.08,4,0,False,False
243,frame_0192.jpg,76.8,0.1234,0.1667,0.0,0.2,4,0,False,False
244,frame_0103.jpg,41.2,0.1202,0.1765,0.0,0.16,4,0,False,False
245,frame_0395.jpg,158.0,0.1199,0.1917,0.0,0.12,6,0,False,False
246,frame_0321.jpg,128.4,0.1193,0.1585,0.0,0.2,3,0,False,False
247,frame_0273.jpg,109.2,0.1153,0.1826,0.0,0.12,3,0,False,False
248,frame_0310.jpg,124.0,0.1153,0.1985,0.0,0.08,3,0,False,False
249,frame_0102.jpg,40.8,0.1088,0.1695,0.0,0.12,4,0,False,False
250,frame_0191.jpg,76.4,0.1074,0.1507,0.0,0.16,4,0,False,False
251,frame_0109.jpg,43.6,0.1027,0.1735,0.0,0.08,4,0,False,False
252,frame_0314.jpg,125.6,0.1027,0.1734,0.0,0.08,5,0,False,False
253,frame_0324.jpg,129.6,0.1022,0.1723,0.0,0.08,2,0,False,False
254,frame_0110.jpg,44.0,0.0955,0.1431,0.0,0.12,2,0,False,False
255,frame_0323.jpg,129.2,0.0892,0.1305,0.0,0.12,3,0,False,False
256,frame_0104.jpg,41.6,0.0849,0.1219,0.0,0.12,3,0,False,False
